{"loss": [29.124040324846153, 21.5155526439774, 17.591844573269398, 15.044007221797672, 13.51939235823199, 12.490733859959006, 11.693934094991132, 11.001934976496877, 10.429261666431234, 9.884721785015698, 9.414347202336176, 8.998416231656424, 8.612229274003981, 8.19487480310937, 7.893376961586173, 7.613938327247775, 7.3944825247259125, 7.0858154171639285, 6.824685641597439, 6.645171787643358, 6.4111243532078435, 6.182128690463295, 5.9776135871767995, 5.78158357481901, 5.624347909839915, 5.425531563043424, 5.2740346976761305, 5.1472231446806695, 4.937839048153627, 4.881181219056803, 4.753439384994991, 4.684063432094841, 4.499278535495805, 4.463690778515188, 4.320488660663513, 4.220678974079176, 4.172611901846827, 4.080694328846274, 4.032475685198042, 3.940825477938311, 3.9270786369808643, 3.787260614205573, 3.773885911054372, 3.703800340426553, 3.6520713941409597, 3.594192073115635, 3.600689756281068, 3.586990174134994, 3.4669817357535893, 3.415272868062186, 3.369830836751076, 3.3421129511023837, 3.2969357917193944, 3.2677186625145964, 3.2347368439949507, 3.127272827661201, 3.1603147494883617, 3.1471387270567335, 3.107280258275867, 3.1468768254983233, 3.025993524353269, 3.003081992676273, 2.9649226866375895, 2.916779416850039, 2.9141020173412864, 2.850752784067961, 2.8371148382547733, 2.8176443293254843, 2.8080502408852577, 2.7611899791163035, 2.737198411161573, 2.707064137884259, 2.729925439347638, 2.703193575395052, 2.682188983631449, 2.643645312562723, 2.6242303813837244, 2.614024655954815, 2.600880414404482, 2.5786353954505206], "mae": [29.124040324846153, 21.5155526439774, 17.591844573269398, 15.044007221797672, 13.51939235823199, 12.490733859959006, 11.693934094991132, 11.001934976496877, 10.429261666431234, 9.884721785015698, 9.414347202336176, 8.998416231656424, 8.612229274003981, 8.19487480310937, 7.893376961586173, 7.613938327247775, 7.3944825247259125, 7.0858154171639285, 6.824685641597439, 6.645171787643358, 6.4111243532078435, 6.182128690463295, 5.9776135871767995, 5.78158357481901, 5.624347909839915, 5.425531563043424, 5.2740346976761305, 5.1472231446806695, 4.937839048153627, 4.881181219056803, 4.753439384994991, 4.684063432094841, 4.499278535495805, 4.463690778515188, 4.320488660663513, 4.220678974079176, 4.172611901846827, 4.080694328846274, 4.032475685198042, 3.940825477938311, 3.9270786369808643, 3.787260614205573, 3.773885911054372, 3.703800340426553, 3.6520713941409597, 3.594192073115635, 3.600689756281068, 3.586990174134994, 3.4669817357535893, 3.415272868062186, 3.369830836751076, 3.3421129511023837, 3.2969357917193944, 3.2677186625145964, 3.2347368439949507, 3.127272827661201, 3.1603147494883617, 3.1471387270567335, 3.107280258275867, 3.1468768254983233, 3.025993524353269, 3.003081992676273, 2.9649226866375895, 2.916779416850039, 2.9141020173412864, 2.850752784067961, 2.8371148382547733, 2.8176443293254843, 2.8080502408852577, 2.7611899791163035, 2.737198411161573, 2.707064137884259, 2.729925439347638, 2.703193575395052, 2.682188983631449, 2.643645312562723, 2.6242303813837244, 2.614024655954815, 2.600880414404482, 2.5786353954505206], "mse": [531254.1335735653, 443534.82405547804, 333212.52025378845, 252259.75530078096, 210967.0686086269, 179956.8755528629, 162613.17788592298, 143122.2489548994, 130604.25734944562, 118401.85451187498, 108655.32760862123, 98220.01584368893, 89673.16070363946, 84722.10112503612, 81644.00236207621, 74319.23139286248, 69122.81728721804, 68702.49210697859, 62579.32996217432, 57604.05968327597, 57477.44613561526, 54626.036934687305, 48687.564620456156, 51078.2082151471, 47484.774035340844, 40574.439814580444, 43046.777167309156, 41741.838203501655, 38978.9882051872, 38123.13155940129, 36581.32073013806, 42633.723298772915, 33988.5962337546, 43174.13394192383, 30725.382214943784, 31507.912063721942, 30545.78235633278, 34125.50730785989, 30646.963617410587, 28654.388697676244, 28139.001185339344, 26324.526889433244, 35141.2171862359, 24130.952388953487, 24457.03271048725, 28586.331909832377, 28465.54422307344, 24854.32509564305, 25414.803204348274, 23508.587249530432, 25096.752421098514, 23940.648603754853, 21667.275722825954, 24697.6068135144, 22687.18474972345, 18020.824184046545, 23396.04687974056, 20719.095005534968, 24258.66864777504, 27876.315463356626, 21839.209086166455, 25254.01295428838, 24019.28130825985, 20374.73810071354, 21766.589621057086, 18634.519933622327, 21514.740888275093, 19458.949462367247, 21247.887104508423, 19466.206590236914, 14994.399488669253, 14584.712933906181, 24736.032348412886, 16748.804696247997, 18107.7739119096, 18661.817899801783, 20468.17999203668, 12874.750304330513, 19641.498045377622, 22888.41136761962], "val_loss": [21.514492939548266, 18.244354805087326, 14.132148491220924, 12.062482092712983, 12.122802748468128, 10.688241760335538, 10.373888714645068, 9.655443900045407, 9.499423548158903, 8.678347646664404, 8.456427982598694, 8.25960893660904, 7.850688687643914, 7.39469933345707, 6.936524939662577, 6.70445640815981, 6.70519466983055, 8.135623680904123, 6.2304290481764495, 5.916819031306794, 5.5586399611912265, 5.555503661663429, 6.355063968310979, 6.179255165407289, 6.204939057913817, 5.265957376598356, 5.276095335500436, 5.0641190621337016, 4.8272404817127095, 5.705030713041271, 5.1432307989392365, 5.305047855889854, 5.021941350437921, 4.964750497107203, 4.881265456134237, 4.889642493754274, 4.72928524281863, 5.135108371547564, 5.046331825536676, 4.707703090422923, 4.523542781935724, 5.182267201969771, 4.687968023765508, 4.4308682353621345, 4.9415022190463, 4.291289789316016, 4.30661452201819, 4.690682856565414, 4.527061096625259, 4.847040719239659, 4.132215162800292, 4.421107074469162, 4.087927435298904, 4.357121637318015, 4.046971332172361, 4.552245638806182, 3.8061682551449696, 3.833355850057707, 4.077940933483311, 4.322465280860048, 3.997416607475115, 4.265400668466994, 4.086208645142232, 3.9742711489074285, 3.906023135012538, 3.8338739595559534, 3.9897750704318082, 3.7865610575651494, 3.9829572496134027, 3.974636600130092, 3.6519814816283005, 3.5165036078968717, 3.7817663766057033, 3.581992678443077, 4.003492121484319, 3.6367041448892796, 3.556406721899393, 4.950289401015068, 3.873524085341891, 4.416963908692376], "val_mae": [21.514492939548266, 18.244354805087326, 14.132148491220924, 12.062482092712983, 12.122802748468128, 10.688241760335538, 10.373888714645068, 9.655443900045407, 9.499423548158903, 8.678347646664404, 8.456427982598694, 8.25960893660904, 7.850688687643914, 7.39469933345707, 6.936524939662577, 6.70445640815981, 6.70519466983055, 8.135623680904123, 6.2304290481764495, 5.916819031306794, 5.5586399611912265, 5.555503661663429, 6.355063968310979, 6.179255165407289, 6.204939057913817, 5.265957376598356, 5.276095335500436, 5.0641190621337016, 4.8272404817127095, 5.705030713041271, 5.1432307989392365, 5.305047855889854, 5.021941350437921, 4.964750497107203, 4.881265456134237, 4.889642493754274, 4.72928524281863, 5.135108371547564, 5.046331825536676, 4.707703090422923, 4.523542781935724, 5.182267201969771, 4.687968023765508, 4.4308682353621345, 4.9415022190463, 4.291289789316016, 4.30661452201819, 4.690682856565414, 4.527061096625259, 4.847040719239659, 4.132215162800292, 4.421107074469162, 4.087927435298904, 4.357121637318015, 4.046971332172361, 4.552245638806182, 3.8061682551449696, 3.833355850057707, 4.077940933483311, 4.322465280860048, 3.997416607475115, 4.265400668466994, 4.086208645142232, 3.9742711489074285, 3.906023135012538, 3.8338739595559534, 3.9897750704318082, 3.7865610575651494, 3.9829572496134027, 3.974636600130092, 3.6519814816283005, 3.5165036078968717, 3.7817663766057033, 3.581992678443077, 4.003492121484319, 3.6367041448892796, 3.556406721899393, 4.950289401015068, 3.873524085341891, 4.416963908692376],