{"loss": [31.614814578798686, 23.82473996621815, 18.135068011885966, 15.176446355568691, 13.209538162600184, 11.83155528624297, 10.93444666864847, 10.165904327359604, 9.529940473616257, 8.993563898665931, 8.441633438371287, 8.150395797449525, 7.74939907519606, 7.699296094173726, 7.286725012462116, 7.047744186354332, 6.796925272358953, 6.453466864715823, 6.477566649953859, 6.345527562339958, 5.96246266313905, 5.754676209789711, 5.769202369950333, 5.579174179223042, 5.428528241898707, 5.209755783983871, 5.353498685617202, 5.240437451157963, 5.013866509378299, 4.906929918914279, 4.693893072866816, 4.5197594151486395, 4.616130329892687, 4.496582054786518, 4.445642221695669, 4.326282865490827, 4.234263347639939, 4.205235599832638, 4.085498722585935, 3.979568732550488, 3.970050500004354, 3.9396431919088184, 3.832514860753432, 3.837204014508297, 3.761818740603606, 3.7972885047124465, 3.7676257614377566, 3.7143763524060653, 3.6111211044594205, 3.718041220714533, 3.5515177399726694, 3.5240706456997324, 3.4189367642964137, 3.519602287024558, 3.394085622287207, 3.39893301279823, 3.289543039473195, 3.3185191302073656, 3.3208038848789463, 3.342629489179064, 3.7468181442853554, 3.4782267920353536, 3.2530382976915515, 3.2725281426291364, 3.2396226994989052, 3.132707855677721, 3.0758711936549807, 3.1505925095117644, 3.0869752324016173, 3.0564048806575466, 2.998206937645129, 2.96260986572808, 3.0317265514559923, 2.9584462283343718, 3.0153588704117693, 2.943076681060905, 2.8707077959092238, 2.8933077495852273, 2.8838219512982888, 2.9098900289586482], "mae": [31.614814578798686, 23.82473996621815, 18.135068011885966, 15.176446355568691, 13.209538162600184, 11.83155528624297, 10.93444666864847, 10.165904327359604, 9.529940473616257, 8.993563898665931, 8.441633438371287, 8.150395797449525, 7.74939907519606, 7.699296094173726, 7.286725012462116, 7.047744186354332, 6.796925272358953, 6.453466864715823, 6.477566649953859, 6.345527562339958, 5.96246266313905, 5.754676209789711, 5.769202369950333, 5.579174179223042, 5.428528241898707, 5.209755783983871, 5.353498685617202, 5.240437451157963, 5.013866509378299, 4.906929918914279, 4.693893072866816, 4.5197594151486395, 4.616130329892687, 4.496582054786518, 4.445642221695669, 4.326282865490827, 4.234263347639939, 4.205235599832638, 4.085498722585935, 3.979568732550488, 3.970050500004354, 3.9396431919088184, 3.832514860753432, 3.837204014508297, 3.761818740603606, 3.7972885047124465, 3.7676257614377566, 3.7143763524060653, 3.6111211044594205, 3.718041220714533, 3.5515177399726694, 3.5240706456997324, 3.4189367642964137, 3.519602287024558, 3.394085622287207, 3.39893301279823, 3.289543039473195, 3.3185191302073656, 3.3208038848789463, 3.342629489179064, 3.7468181442853554, 3.4782267920353536, 3.2530382976915515, 3.2725281426291364, 3.2396226994989052, 3.132707855677721, 3.0758711936549807, 3.1505925095117644, 3.0869752324016173, 3.0564048806575466, 2.998206937645129, 2.96260986572808, 3.0317265514559923, 2.9584462283343718, 3.0153588704117693, 2.943076681060905, 2.8707077959092238, 2.8933077495852273, 2.8838219512982888, 2.9098900289586482], "mse": [517252.9296389438, 398246.17881960166, 269365.2269610166, 189565.02122514823, 150400.3004155316, 143238.36512429948, 127686.61554351327, 111436.96332507338, 98853.79495749906, 102744.50317854014, 79947.01560488982, 88512.06917548917, 82900.48300048917, 79209.29317116528, 69194.09975080426, 72595.92439003265, 76601.70366240916, 66968.15047382435, 56540.76299942267, 86690.33549421142, 48388.962327341935, 51223.81333377621, 66769.96605167224, 51194.44238534088, 46729.60371431231, 40528.93851993558, 51863.22741482569, 47248.88618842816, 44937.76259568112, 43037.58604098719, 30439.584079794648, 29830.931157749725, 37855.09462835646, 40191.7086829774, 37552.1108194976, 36583.0425121057, 28293.83931103355, 28572.330637396426, 32578.00452804102, 32134.963374006402, 29834.607464251923, 31188.887551001455, 23756.14247664118, 25025.695432183347, 24163.735335936697, 23777.532223842016, 27586.054026147056, 25525.517176645386, 16757.8593503941, 38029.36110339788, 22806.17620167336, 24651.26294585142, 16190.149849930798, 29839.492649678952, 18514.169005774074, 18550.149113609128, 14986.062715234013, 22958.516632992818, 20514.690137186586, 21685.268192069663, 23438.231915676915, 33479.61796956753, 20797.277208961346, 21443.643820483074, 22628.744755358224, 19648.021518354413, 22833.952737103533, 23302.20533815671, 27003.084552394004, 14408.99165550701, 18906.91323256911, 15735.134731064925, 27524.786506614277, 24232.93231547938, 21503.81728827562, 25994.79009994277, 13820.955488903155, 21363.68392957661, 15308.123335241045, 20113.620946715528], "val_loss": [26.013772223156433, 19.3689296222974, 14.995358982616382, 14.48640635355174, 13.572353246370117, 10.040544748167324, 8.787275619861884, 8.889091001976364, 7.940640114185663, 8.632057522207287, 7.085843825437977, 7.481225541013093, 6.768937380595879, 7.309465075767695, 7.33885842222003, 6.2655238431664815, 7.126086946562803, 6.279203124793317, 6.606804258514071, 8.630472382111241, 6.1800182063436475, 6.075649688115426, 5.406069550691807, 8.694516151534632, 5.7723366158766005, 5.682229801289853, 5.801524833575003, 5.357115589904015, 5.73990803171965, 5.28096924808957, 5.919926324838147, 7.011552589611144, 5.068504553168554, 5.404513643655356, 6.040470559082993, 5.4052239043050285, 4.881304446389033, 5.077519910398998, 5.397685240207669, 6.102760528329279, 4.652010623696588, 5.261428392968655, 4.996053459674974, 4.109350815826238, 5.228857484965561, 4.919695769945327, 4.53251242313879, 4.63164076277402, 4.743727366342903, 4.537059517826856, 4.561070065854287, 4.289987890798913, 4.157424882392148, 4.31326682989221, 4.064999373227709, 4.184630872865804, 4.741585849286473, 4.3663037119669434, 4.322169421933798, 4.34505243739825, 4.6801577336898985, 4.434851163819641, 4.371947376003938, 4.2136567161205125, 4.295216952428261, 3.9856666657684987, 4.116379858724752, 4.781950491977791, 4.265885907491863, 3.9378025955144276, 4.214040377311741, 4.593914202417087, 4.435623295029198, 4.572159598463334, 4.3618959818524505, 4.14196002733872, 3.842126389080853, 3.42735920105348, 4.210513121425615, 4.3562252456223405], "val_mae": [26.013772223156433, 19.3689296222974, 14.995358982616382, 14.48640635355174, 13.572353246370117, 10.040544748167324, 8.787275619861884, 8.889091001976364, 7.940640114185663, 8.632057522207287, 7.085843825437977, 7.481225541013093, 6.768937380595879, 7.309465075767695, 7.33885842222003, 6.2655238431664815, 7.126086946562803, 6.279203124793317, 6.606804258514071, 8.630472382111241, 6.1800182063436475, 6.075649688115426, 5.406069550691807, 8.694516151534632, 5.7723366158766005, 5.682229801289853, 5.801524833575003, 5.357115589904015, 5.73990803171965, 5.28096924808957, 5.919926324838147, 7.011552589611144, 5.068504553168554, 5.404513643655356, 6.040470559082993, 5.4052239043050285, 4.881304446389033, 5.077519910398998, 5.397685240207669, 6.102760528329279, 4.652010623696588, 5.261428392968655, 4.996053459674974, 4.109350815826238, 5.228857484965561, 4.919695769945327, 4.53251242313879, 4.63164076277402, 4.743727366342903, 4.537059517826856, 4.561070065854287, 4.289987890798913, 4.157424882392148, 4.31326682989221, 4.064999373227709, 4.184630872865804, 4.741585849286473, 4.3663037119669434, 4.322169421933798, 4.34505243739825, 4.6801577336898985, 4.434851163819641, 4.371947376003938, 4.2136567161205125, 4.295216952428261, 3.9856666657684987, 4.116379858724752, 4.781950491977791, 4.265885907491863, 3.9378025955144276, 4.214040377311741, 4.593914202417087, 4.435623295029198, 4.572159598463334, 4.3618959818524505, 4.14196002733872, 3.842126389080853, 3.42735920105348, 4.210513121425615, 4.3562252456223405],