{"loss": [3.81521866933605, 3.322226022710304, 3.0275168434067163, 2.803123411883912, 2.6288787304294434, 2.4849287554363895, 2.3612690744259144, 2.251511028395086, 2.1539576591074887, 2.0661763010895235, 1.9874982680677442, 1.9170379613384043, 1.8558144265786918, 1.8025226715624059, 1.7547965619105366, 1.711109849096977, 1.6701371911994425, 1.630814562505393, 1.5940311903740703, 1.559133184051872, 1.5251167984069298, 1.4932981109565253, 1.4618694881631502, 1.4333183129324891, 1.4063209309630118, 1.380262967549224, 1.3556083744717435, 1.3313129961866754, 1.309349934566515, 1.285924236371398, 1.2650661887344286, 1.2442133577566326, 1.2246437164878852, 1.205085769124832, 1.1869587330451394, 1.1688036869832918, 1.152316235305176, 1.135420315151158, 1.1198546676648478, 1.1049640434601309, 1.090420553083621, 1.0772519718007572, 1.0638177811158975, 1.051324002528132, 1.0392028370521653, 1.027342170656692, 1.0160899935955383, 1.0047454482128853, 0.9939276182918965, 0.9839306301546602, 0.9741931382461911, 0.964197156060356, 0.9542011887164875, 0.9462008605454348, 0.9377800704828783, 0.9290529423687375, 0.9205113851576117, 0.9134954647560235, 0.9054537189793448, 0.899005677709766, 0.8915475838331729, 0.8860055248270302, 0.8789188644295661, 0.8732901255588693, 0.8665168191248649, 0.8602026796600548, 0.8538602924185805, 0.8491708421892133, 0.843582734798067, 0.8367012364467594, 0.8319346538292278, 0.8269045153445416, 0.8225099613503426, 0.8156847870129216, 0.8121471673984797, 0.8059676221302933, 0.8026907735065761, 0.7988671519373414, 0.7921683528272233, 0.7881061431842722], "mae": [3.81521866933605, 3.322226022710304, 3.0275168434067163, 2.803123411883912, 2.6288787304294434, 2.4849287554363895, 2.3612690744259144, 2.251511028395086, 2.1539576591074887, 2.0661763010895235, 1.9874982680677442, 1.9170379613384043, 1.8558144265786918, 1.8025226715624059, 1.7547965619105366, 1.711109849096977, 1.6701371911994425, 1.630814562505393, 1.5940311903740703, 1.559133184051872, 1.5251167984069298, 1.4932981109565253, 1.4618694881631502, 1.4333183129324891, 1.4063209309630118, 1.380262967549224, 1.3556083744717435, 1.3313129961866754, 1.309349934566515, 1.285924236371398, 1.2650661887344286, 1.2442133577566326, 1.2246437164878852, 1.205085769124832, 1.1869587330451394, 1.1688036869832918, 1.152316235305176, 1.135420315151158, 1.1198546676648478, 1.1049640434601309, 1.090420553083621, 1.0772519718007572, 1.0638177811158975, 1.051324002528132, 1.0392028370521653, 1.027342170656692, 1.0160899935955383, 1.0047454482128853, 0.9939276182918965, 0.9839306301546602, 0.9741931382461911, 0.964197156060356, 0.9542011887164875, 0.9462008605454348, 0.9377800704828783, 0.9290529423687375, 0.9205113851576117, 0.9134954647560235, 0.9054537189793448, 0.899005677709766, 0.8915475838331729, 0.8860055248270302, 0.8789188644295661, 0.8732901255588693, 0.8665168191248649, 0.8602026796600548, 0.8538602924185805, 0.8491708421892133, 0.843582734798067, 0.8367012364467594, 0.8319346538292278, 0.8269045153445416, 0.8225099613503426, 0.8156847870129216, 0.8121471673984797, 0.8059676221302933, 0.8026907735065761, 0.7988671519373414, 0.7921683528272233, 0.7881061431842722], "mse": [18859.626224945252, 18781.709305662836, 18636.807248228877, 18468.734936442874, 18279.675732366166, 18106.28039074264, 17934.737111685547, 17756.46357124905, 17588.51730110902, 17415.239329354146, 17247.308870857043, 17088.20385077988, 16933.689789429944, 16794.84534555209, 16637.453383096006, 16501.350169551133, 16351.6107650894, 16208.326294717095, 16077.182077946716, 15904.145058641032, 15785.135558823686, 15643.61874735787, 15490.83695879465, 15340.819101469539, 15200.621556082386, 15079.802806989757, 14917.837870223037, 14802.286016252809, 14650.317806291787, 14529.765889140255, 14417.03410807741, 14236.22261470879, 14120.881020300469, 13997.661249472756, 13834.411852148109, 13723.05819043342, 13614.51144227849, 13509.15686001909, 13388.291737565878, 13290.06032683079, 13195.759344793298, 13071.230741062198, 12992.582840602114, 12901.034522306967, 12787.622567120645, 12742.020221277506, 12627.882897420975, 12555.7754509023, 12450.70028699762, 12392.662147331586, 12296.232006469947, 12290.788536644786, 12162.35997825289, 12145.434886836658, 12100.606902311516, 12029.020223729442, 11929.8742011113, 11870.055327452774, 11878.03261677, 11753.699610593903, 11753.140556898968, 11750.78434600574, 11630.555774334553, 11558.136294536043, 11557.487081189533, 11492.710293335527, 11404.71183853226, 11432.102508076223, 11316.488704414523, 11362.979690698065, 11289.34673274904, 11268.904274519911, 11189.349359257849, 11120.856074102083, 11131.217213889418, 11095.39721533334, 11038.153227355757, 10999.553458817461, 10971.95506218056, 10933.09271318729], "val_loss": [3.28586548237229, 2.971867827234601, 2.6964152633471365, 2.4853392179811418, 2.3184087881161757, 2.182626983360594, 2.0640888746116226, 1.9650539111653957, 1.8766274405083736, 1.7994925397729549, 1.7288603532365163, 1.6881699630620095, 1.638836110712919, 1.591479840552994, 1.5570038795279726, 1.5202732969709527, 1.4878028266169074, 1.4528735047155443, 1.4356132621845399, 1.3942591469237322, 1.3915961495432927, 1.349423734688748, 1.3224648252539803, 1.3007645711774347, 1.271270668199415, 1.2456027729680863, 1.2263439182733549, 1.1983908225619984, 1.185066379427459, 1.1720298023689846, 1.155174154819094, 1.130751185037563, 1.1207823073138359, 1.0859711316475906, 1.0691653123752576, 1.0763759265919988, 1.045210604118132, 1.0301880928009708, 1.0326215044231961, 1.0053687144430252, 0.9992198839160761, 0.9673975134697074, 0.9652382592558659, 0.9727623024264817, 0.948857626546876, 0.9281261971112897, 0.9264749130881395, 0.9183426455451511, 0.9073049323098458, 0.8972180904414331, 0.8824100416502152, 0.8870401130913499, 0.8564007805008717, 0.8623208860273841, 0.8605140976683348, 0.8743428527092844, 0.8534838681593943, 0.8365580807119675, 0.8202486357143268, 0.8226004886880203, 0.8365208428871198, 0.8195807897327894, 0.8217235723646281, 0.8278322236680089, 0.8116768426995586, 0.7952188950607346, 0.810857360074384, 0.8368927590658674, 0.8239738661009903, 0.7871171109032388, 0.788403718803693, 0.7793248922134595, 0.8210629291039572, 0.8614454593203658, 0.780948152896023, 0.7671182824964135, 0.7753960549902441, 0.7991436831989944, 0.7701867308247006, 0.7541572914344631], "val_mae": [3.28586548237229, 2.971867827234601, 2.6964152633471365, 2.4853392179811418, 2.3184087881161757, 2.182626983360594, 2.0640888746116226, 1.9650539111653957, 1.8766274405083736, 1.7994925397729549, 1.7288603532365163, 1.6881699630620095, 1.638836110712919, 1.591479840552994, 1.5570038795279726, 1.5202732969709527, 1.4878028266169074, 1.4528735047155443, 1.4356132621845399, 1.3942591469237322, 1.3915961495432927, 1.349423734688748, 1.3224648252539803, 1.3007645711774347, 1.271270668199415, 1.2456027729680863, 1.2263439182733549, 1.1983908225619984, 1.185066379427459, 1.1720298023689846, 1.155174154819094, 1.130751185037563, 1.1207823073138359, 1.0859711316475906, 1.0691653123752576, 1.0763759265919988, 1.045210604118132, 1.0301880928009708, 1.0326215044231961, 1.0053687144430252, 0.9992198839160761, 0.9673975134697074, 0.9652382592558659, 0.9727623024264817, 0.948857626546876, 0.9281261971112897, 0.9264749130881395, 0.9183426455451511, 0.9073049323098458, 0.8972180904414331, 0.8824100416502152, 0.8870401130913499, 0.8564007805008717, 0.8623208860273841, 0.8605140976683348, 0.8743428527092844, 0.8534838681593943, 0.8365580807119675, 0.8202486357143268, 0.8226004886880203, 0.8365208428871198, 0.8195807897327894, 0.8217235723646281, 0.8278322236680089, 0.8116768426995586, 0.7952188950607346, 0.810857360074384, 0.8368927590658674, 0.8239738661009903, 0.7871171109032388, 0.788403718803693, 0.7793248922134595, 0.8210629291039572, 0.8614454593203658, 0.780948152896023, 0.7671182824964135, 0.7753960549902441, 0.7991436831989944, 0.7701867308247006, 0.7541572914344631],