{"loss": [24.471370320524237, 14.474206042006596, 11.712653252338056, 10.109538015352623, 9.045142786266824, 8.053305489345034, 7.305556999976967, 6.695185705230762, 6.078787510609285, 5.73518794434295, 5.472833369911904, 5.131542345440661, 4.917218877568546, 4.669788471098421, 4.576318242802747, 4.356060024577257, 4.199366087242944, 4.081076417605348, 3.977455183634176, 3.797844595753291, 3.723463299253174, 3.6048545565484997, 3.519260391267692, 3.451497702345649, 3.432146058318206, 3.3410560480120313, 3.2430840369080256, 3.2050662846087015, 3.1626703770256825, 3.072718469300699, 3.1042359040988816, 2.9854524307426282, 2.912658464300031, 2.894566184514556, 2.8351893306283147, 2.7975398125112996, 2.7403622332770037, 2.7192509910001545, 2.719761878142279, 2.715115048356687, 2.623685339479979, 2.6291007650435803, 2.530569093994518, 2.5361708113251997, 2.5456801740302746, 2.528685478305753, 2.420064263678529, 2.3711473167480372, 2.4269939306189157, 2.370951307025326, 2.341880125221226, 2.286549926711185, 2.3224203305258286, 2.3220797005111113, 2.2919672751172264, 2.27874527758919, 2.2067335485623008, 2.2473288607962805, 2.2234429207958173, 2.2249032411726484, 2.19937026536567, 2.2138565553166423, 2.1648402538020663, 2.1554628060504974, 2.1594633086861657, 2.1166820484120787, 2.118458905054228, 2.0513224023932057, 2.0365093661368583, 2.0269848751610775, 2.031955909415203, 2.0275912055748253, 2.0228547974898534, 2.0318309037354108, 1.9810505924999797, 1.9829596564621026, 1.9847609025182826, 1.9756414023355058, 1.950025227059271, 1.9677001185481455], "mae": [24.471370320524237, 14.474206042006596, 11.712653252338056, 10.109538015352623, 9.045142786266824, 8.053305489345034, 7.305556999976967, 6.695185705230762, 6.078787510609285, 5.73518794434295, 5.472833369911904, 5.131542345440661, 4.917218877568546, 4.669788471098421, 4.576318242802747, 4.356060024577257, 4.199366087242944, 4.081076417605348, 3.977455183634176, 3.797844595753291, 3.723463299253174, 3.6048545565484997, 3.519260391267692, 3.451497702345649, 3.432146058318206, 3.3410560480120313, 3.2430840369080256, 3.2050662846087015, 3.1626703770256825, 3.072718469300699, 3.1042359040988816, 2.9854524307426282, 2.912658464300031, 2.894566184514556, 2.8351893306283147, 2.7975398125112996, 2.7403622332770037, 2.7192509910001545, 2.719761878142279, 2.715115048356687, 2.623685339479979, 2.6291007650435803, 2.530569093994518, 2.5361708113251997, 2.5456801740302746, 2.528685478305753, 2.420064263678529, 2.3711473167480372, 2.4269939306189157, 2.370951307025326, 2.341880125221226, 2.286549926711185, 2.3224203305258286, 2.3220797005111113, 2.2919672751172264, 2.27874527758919, 2.2067335485623008, 2.2473288607962805, 2.2234429207958173, 2.2249032411726484, 2.19937026536567, 2.2138565553166423, 2.1648402538020663, 2.1554628060504974, 2.1594633086861657, 2.1166820484120787, 2.118458905054228, 2.0513224023932057, 2.0365093661368583, 2.0269848751610775, 2.031955909415203, 2.0275912055748253, 2.0228547974898534, 2.0318309037354108, 1.9810505924999797, 1.9829596564621026, 1.9847609025182826, 1.9756414023355058, 1.950025227059271, 1.9677001185481455], "mse": [457264.56081615976, 239577.7163101452, 149862.1699262389, 111486.78893271161, 100657.98836934655, 83947.11791827921, 70145.50543716681, 60536.30212594127, 48076.19227842775, 57198.820494257336, 56928.95017033567, 43255.40511627592, 46259.82388535014, 38052.73588582773, 39150.53796340268, 37439.73734406525, 46258.73515309286, 42710.85900747278, 39889.60907882631, 33392.44546901258, 33246.23215786895, 23081.964814114883, 24697.71684623499, 42791.62133567164, 37186.623355537995, 30867.422984913163, 27944.82878483026, 32752.03218810697, 30362.465589888503, 28168.146350854342, 24291.26698696129, 33634.586327047684, 27031.646728548396, 25076.43943772518, 23460.634096519894, 20899.131390228624, 18747.538256016673, 18878.39751413655, 31197.630613105666, 31052.95654852992, 22536.812679170343, 28088.260515996182, 27717.5382059464, 24362.488143657327, 26294.377014479207, 28713.916177127852, 14471.719831016277, 9869.934745222075, 28258.29405663877, 14269.0917991646, 17593.782024393866, 15339.64581625242, 24083.89538566995, 19022.128185361962, 15997.463067945026, 26064.353965804166, 15802.937466744119, 21951.6544724113, 18819.580555258588, 19216.273384994955, 16723.49894761834, 27393.261528782903, 22907.072728016872, 20686.821560477427, 23651.426612356798, 19513.817174179916, 14550.576288154456, 12198.800096877838, 11488.486919158948, 8028.750267447688, 12824.276158953173, 14141.088907004547, 18693.74210874317, 13335.435919538972, 21265.063801766362, 15855.848137011608, 12222.4635712171, 21081.316743725478, 14040.840821940172, 18211.648200110914], "val_loss": [15.33956946850046, 10.537882220242087, 9.23860323109522, 8.026376502029429, 7.119009199351547, 7.234294050813168, 6.8378743072214325, 5.990333468018568, 5.852290215761715, 5.299642056537741, 5.765978586226239, 5.046470957911871, 5.528215104008609, 5.212305816874434, 4.904111228839192, 4.382128122080987, 4.010352875517605, 4.225169190996559, 4.402782357074598, 4.617577128988521, 4.066701951967078, 3.971843548655201, 3.965924051045231, 4.000064079652178, 3.942578242157201, 3.9732962213276863, 4.098928380181817, 3.306477157970695, 3.5724937952595472, 3.7537578064723784, 3.7546515194870405, 3.461051118437707, 3.2991256745511484, 3.594980616466933, 3.9086264771829473, 3.684032126093668, 3.4533564588552896, 3.7174095500701356, 3.4000178343019503, 3.5788973011051275, 3.95591850656227, 3.292192126172077, 3.206436844150277, 3.5151156410213895, 3.7827704356158254, 4.080691209156413, 4.021144159165449, 3.7353127599546734, 3.0375787985654523, 3.3313290669616196, 2.999927000962523, 3.2881938548017806, 3.214144836108208, 2.9803654830882, 3.182617954282285, 3.1762518097906867, 3.0971984513602204, 3.14660354304493, 3.1970939179906277, 3.284314616720102, 3.1171572484621435, 3.3044405758352844, 3.4589841544096744, 3.2574245688373877, 3.260722538276336, 4.884807134000433, 3.2837987396185935, 3.331326656762596, 3.015895567099303, 3.361354060209914, 3.3627564542561057, 3.06278401623716, 3.1632637245989494, 3.31947181681162, 2.9965359310392436, 3.1499141659270693, 2.9173070268172387, 3.066671244188803, 3.243467007752545, 3.34496904098416], "val_mae": [15.33956946850046, 10.537882220242087, 9.23860323109522, 8.026376502029429, 7.119009199351547, 7.234294050813168, 6.8378743072214325, 5.990333468018568, 5.852290215761715, 5.299642056537741, 5.765978586226239, 5.046470957911871, 5.528215104008609, 5.212305816874434, 4.904111228839192, 4.382128122080987, 4.010352875517605, 4.225169190996559, 4.402782357074598, 4.617577128988521, 4.066701951967078, 3.971843548655201, 3.965924051045231, 4.000064079652178, 3.942578242157201, 3.9732962213276863, 4.098928380181817, 3.306477157970695, 3.5724937952595472, 3.7537578064723784, 3.7546515194870405, 3.461051118437707, 3.2991256745511484, 3.594980616466933, 3.9086264771829473, 3.684032126093668, 3.4533564588552896, 3.7174095500701356, 3.4000178343019503, 3.5788973011051275, 3.95591850656227, 3.292192126172077, 3.206436844150277, 3.5151156410213895, 3.7827704356158254, 4.080691209156413, 4.021144159165449, 3.7353127599546734, 3.0375787985654523, 3.3313290669616196, 2.999927000962523, 3.2881938548017806, 3.214144836108208, 2.9803654830882, 3.182617954282285, 3.1762518097906867, 3.0971984513602204, 3.14660354304493, 3.1970939179906277, 3.284314616720102, 3.1171572484621435, 3.3044405758352844, 3.4589841544096744, 3.2574245688373877, 3.260722538276336, 4.884807134000433, 3.2837987396185935, 3.331326656762596, 3.015895567099303, 3.361354060209914, 3.3627564542561057, 3.06278401623716, 3.1632637245989494, 3.31947181681162, 2.9965359310392436, 3.1499141659270693, 2.9173070268172387, 3.066671244188803, 3.243467007752545, 3.34496904098416],