{"loss": [1.2461156920316026, 0.9871532151931952], "mae": [1.2461156920316026, 0.9871532151931952], "mse": [1452.6023957634695, 962.8168178847088], "val_loss": [1.2214518947426076, 1.2247308849144014], "val_mae": [1.2214518947426076, 1.2247308849144014], "val_mse": [1198.9364948022992, 783.6911750234332]}