{"loss": [2.628015432533847, 1.7402319443935734, 1.3949328101344682, 1.181790772383258, 1.0488583914028953, 0.9721234093419098, 0.8909783639021559, 0.8318795392083809, 0.7671470651935177, 0.7332389284511366, 0.6951300857866942, 0.6590139943324679, 0.6326947646013428, 0.6121967254569217, 0.5830820662217596, 0.5514354313841779, 0.5290426100578612, 0.5075577649265701, 0.4937287338362883, 0.48639356184582794, 0.46355534629878514, 0.4538310819524696, 0.4438005323543129, 0.4281800672141261, 0.4139029650708322, 0.40737730241129044, 0.3939775784456542, 0.39064486760052985, 0.3854185353949516, 0.3743180129788247, 0.3694145172040813, 0.36530460949200066, 0.359081629735, 0.350333605289139, 0.3429134937956318, 0.3468145085614985, 0.3385156749091461, 0.3316268727094772, 0.3326274147197133, 0.3208899490737371, 0.32636106909829193, 0.3211973764068024, 0.31149445876057796, 0.30899995261149643, 0.30475706251535006, 0.31222482334133744, 0.30362284337077555, 0.29976160976659855, 0.29720900053078536, 0.30041779958679127, 0.2937388745119888, 0.29221722368189307, 0.28855837408073626, 0.2858153846165647, 0.2806508571067662, 0.2828561274470377, 0.2765886246085167, 0.28071081173078544, 0.266380052704631, 0.2774349240039981, 0.26773071178156826, 0.2683424698198268, 0.26877765533906206, 0.26931554021306003, 0.2671880611676856, 0.2656437197302521, 0.26051367797113856, 0.2610966123358927, 0.25711552980907726, 0.25578277842048713, 0.2571927738920308, 0.25114869462932615, 0.25076202883476884, 0.25623434342769447, 0.24110571606012746, 0.2509045728577793, 0.25069150044785893, 0.2453656732257929, 0.24933658260062835, 0.23964479903643537], "mae": [2.628015432533847, 1.7402319443935734, 1.3949328101344682, 1.181790772383258, 1.0488583914028953, 0.9721234093419098, 0.8909783639021559, 0.8318795392083809, 0.7671470651935177, 0.7332389284511366, 0.6951300857866942, 0.6590139943324679, 0.6326947646013428, 0.6121967254569217, 0.5830820662217596, 0.5514354313841779, 0.5290426100578612, 0.5075577649265701, 0.4937287338362883, 0.48639356184582794, 0.46355534629878514, 0.4538310819524696, 0.4438005323543129, 0.4281800672141261, 0.4139029650708322, 0.40737730241129044, 0.3939775784456542, 0.39064486760052985, 0.3854185353949516, 0.3743180129788247, 0.3694145172040813, 0.36530460949200066, 0.359081629735, 0.350333605289139, 0.3429134937956318, 0.3468145085614985, 0.3385156749091461, 0.3316268727094772, 0.3326274147197133, 0.3208899490737371, 0.32636106909829193, 0.3211973764068024, 0.31149445876057796, 0.30899995261149643, 0.30475706251535006, 0.31222482334133744, 0.30362284337077555, 0.29976160976659855, 0.29720900053078536, 0.30041779958679127, 0.2937388745119888, 0.29221722368189307, 0.28855837408073626, 0.2858153846165647, 0.2806508571067662, 0.2828561274470377, 0.2765886246085167, 0.28071081173078544, 0.266380052704631, 0.2774349240039981, 0.26773071178156826, 0.2683424698198268, 0.26877765533906206, 0.26931554021306003, 0.2671880611676856, 0.2656437197302521, 0.26051367797113856, 0.2610966123358927, 0.25711552980907726, 0.25578277842048713, 0.2571927738920308, 0.25114869462932615, 0.25076202883476884, 0.25623434342769447, 0.24110571606012746, 0.2509045728577793, 0.25069150044785893, 0.2453656732257929, 0.24933658260062835, 0.23964479903643537], "mse": [16125.638044662646, 13585.58961097667, 12111.315182618835, 11036.195701292603, 10292.53699064905, 9463.508989963777, 9164.322010427846, 8477.786284568017, 8158.702669172847, 8820.029563655648, 7597.113097262425, 6468.278222874732, 6698.998060687653, 5951.2806830998425, 6603.797260183988, 5481.2769839890925, 4923.315811057455, 4177.021125290337, 4215.4515175951965, 3869.028562725509, 3528.2390869754117, 3941.6825339048214, 3617.4126610925755, 3207.2127963603216, 2835.1258644403224, 2401.7508925037478, 2686.81502164575, 2678.175983275188, 2339.9593754198313, 2913.8952206126146, 2665.2221668739016, 2305.461612859522, 2494.235907407272, 2507.8517102780315, 2530.75664504636, 3389.183802534334, 2259.284677951795, 2182.8792006714966, 2332.58605714514, 2279.8058363015934, 2384.309730374122, 2484.417285002496, 2502.7359355055564, 2039.7050399324678, 1827.272025329343, 2649.323991521224, 2583.6922628050233, 2106.97015322323, 2074.0662995695643, 2598.671258901887, 2107.5199692443925, 5086.799952293856, 1882.973313682327, 2147.285701081817, 2160.6890581579028, 2178.680314139795, 2299.2423885441817, 2452.1611900732687, 1771.7869706762142, 2002.418905700681, 2037.4411414310043, 2043.0362299572523, 1741.2110711721186, 2384.345655198151, 1979.8256677475626, 2161.2758165243613, 1842.9637883827284, 2127.7419642359537, 2115.3618468171303, 1387.0997067371052, 2442.890839788768, 1828.7835972553667, 1611.593847333012, 1862.7368340673916, 1900.190884650024, 1887.860094786505, 2010.7847631399577, 1803.0531685034478, 2487.894605604926, 1553.0598686696353], "val_loss": [1.7939671851763288, 1.2162959980301282, 0.9482999331346169, 0.8520750234503279, 0.8058712597520621, 0.7961720513235789, 0.7214125454409163, 0.6433458070618351, 0.6823678721611149, 0.5547995573575861, 0.6677946366002384, 0.5889467311675226, 0.6322066404132352, 0.5987737439335433, 0.5342436596421564, 0.5000494853540387, 0.5142638929920548, 0.5225956765900719, 0.47643776849621516, 0.47369668984414437, 0.5384096536019243, 0.4812427805055278, 0.4359838230471816, 0.3966292487341174, 0.5250515591707586, 0.47411978902199103, 0.4915660990444207, 0.4369269478498774, 0.40794611425600574, 0.4195087259543, 0.443532756809352, 0.39270701522604057, 0.44553371237748624, 0.3851045658952335, 0.3807097916864234, 0.40902200809472755, 0.38974589113225355, 0.36021190515059875, 0.3919819734405094, 0.36807156992086404, 0.4083255268753024, 0.38205858348222344, 0.44773515187950963, 0.48472089828614734, 0.4292798223241956, 0.3805825305150548, 0.36117684714714127, 0.4574757409076588, 0.3473790366404908, 0.39914403521357905, 0.3516130402160066, 0.35356503121339544, 0.41298223881948676, 0.3543615661773896, 0.33562001960834614, 0.345019247769532, 0.3218209346703969, 0.3512922632636006, 0.7016833023281462, 0.3574043913935989, 0.37298513833985897, 0.42621515385965597, 0.32687861643762506, 0.4475740999297346, 0.3651330168552057, 0.3484535156526271, 0.3312607967953543, 0.5763209224269605, 0.3572460143689971, 0.35457971391404514, 0.30653854009065673, 0.33783832711245865, 0.3328554057236255, 0.316631587868515, 0.3238128524015479, 0.4420285486354542, 0.33609506764383607, 0.3471109970492623, 0.32907622540582027, 0.37325912813369155],