{"loss": [39.36402371986163, 35.893204903682715, 33.429694165692915, 31.412239918430046, 29.959330902871653, 28.870681804642107, 27.990306354331604, 27.192643246537948, 26.453852833487176, 25.7615131863862, 25.125310187194163, 24.542222391965925, 24.00781416508425, 23.516479054114036, 23.045256773240006, 22.588875233002423, 22.149919422451884, 21.718282116832675, 21.298936474532788, 20.924057210781047, 20.579225037974307, 20.25558331117561, 19.96468223130101, 19.69841146416979, 19.446443900662313, 19.21290134039786, 18.994376992859387, 18.786737266837807, 18.58739499395051, 18.404181566954975, 18.218508344290328, 18.049748851721976, 17.8803474565164, 17.728212884891597, 17.580228523564433, 17.431373587994337, 17.291128798182175, 17.156328765575118, 17.027015459701992, 16.89541923240253, 16.77132385748574, 16.645835227815027, 16.525245634058642, 16.405153036321842, 16.285710605884567, 16.175041211708226, 16.062627197605124, 15.95787901548111, 15.846013918108957, 15.737078683077476, 15.641602087621001, 15.54422043031517, 15.45062264565801, 15.352203985151844, 15.25794316140548, 15.168022143488319, 15.08234950949259, 14.992344647633212, 14.905697948599101, 14.821877672348613, 14.742654044476591, 14.66210001124634, 14.589029999823136, 14.511050216896049, 14.432775132075383, 14.354608653224611, 14.28736950068672, 14.209576504400914, 14.137873499536022, 14.067396740378925, 13.998487504023803, 13.927934065286516, 13.862614860879743, 13.795409670870756, 13.727460581564637, 13.658601885988242, 13.593247417554846, 13.532231400553377, 13.46184809724845, 13.401794722868846], "mae": [39.36402371986163, 35.893204903682715, 33.429694165692915, 31.412239918430046, 29.959330902871653, 28.870681804642107, 27.990306354331604, 27.192643246537948, 26.453852833487176, 25.7615131863862, 25.125310187194163, 24.542222391965925, 24.00781416508425, 23.516479054114036, 23.045256773240006, 22.588875233002423, 22.149919422451884, 21.718282116832675, 21.298936474532788, 20.924057210781047, 20.579225037974307, 20.25558331117561, 19.96468223130101, 19.69841146416979, 19.446443900662313, 19.21290134039786, 18.994376992859387, 18.786737266837807, 18.58739499395051, 18.404181566954975, 18.218508344290328, 18.049748851721976, 17.8803474565164, 17.728212884891597, 17.580228523564433, 17.431373587994337, 17.291128798182175, 17.156328765575118, 17.027015459701992, 16.89541923240253, 16.77132385748574, 16.645835227815027, 16.525245634058642, 16.405153036321842, 16.285710605884567, 16.175041211708226, 16.062627197605124, 15.95787901548111, 15.846013918108957, 15.737078683077476, 15.641602087621001, 15.54422043031517, 15.45062264565801, 15.352203985151844, 15.25794316140548, 15.168022143488319, 15.08234950949259, 14.992344647633212, 14.905697948599101, 14.821877672348613, 14.742654044476591, 14.66210001124634, 14.589029999823136, 14.511050216896049, 14.432775132075383, 14.354608653224611, 14.28736950068672, 14.209576504400914, 14.137873499536022, 14.067396740378925, 13.998487504023803, 13.927934065286516, 13.862614860879743, 13.795409670870756, 13.727460581564637, 13.658601885988242, 13.593247417554846, 13.532231400553377, 13.46184809724845, 13.401794722868846], "mse": [575298.3443043288, 573508.4090416031, 568578.7467590399, 560273.9076496162, 550903.5966623833, 541594.5159882195, 532267.4809736557, 522014.3481219937, 511112.343420741, 500652.4439802491, 490514.2153684874, 480870.3250207997, 471915.09289376857, 463550.46641947253, 455457.6882247855, 447547.10733097926, 439952.32151395123, 433123.02146486, 426402.45785077265, 420391.8689777228, 414968.27481361723, 409877.39566304116, 405060.74043312855, 400896.99526952143, 396691.0369649698, 392800.7943127466, 389516.0308815717, 386468.23163671687, 382914.8513236523, 380339.9236739528, 377445.4453363292, 374971.4672633439, 372487.7329090341, 370420.9769404813, 368085.1869822734, 366212.5707759191, 364217.7318781835, 362420.7583331997, 360856.77632572583, 359151.1240036149, 357623.11913150235, 356140.3892387059, 354568.6825446342, 353100.48198185896, 351677.16456280043, 350060.2281977532, 348827.0206837455, 347190.6110548929, 345913.6914705702, 344414.0701561975, 343037.1694502293, 341797.6134318729, 340259.3335784916, 338823.34588385967, 337318.56467614055, 335919.6326959185, 334500.03171161556, 332853.80446727667, 331566.71532193176, 330335.71859657485, 329141.8011560988, 327691.1154868474, 326411.79998199147, 325159.7287413665, 323773.17449699563, 322332.499679838, 321209.2893967162, 319702.7658441339, 318475.8912195822, 317365.62337032537, 315723.4411052589, 314044.8278048422, 313076.3054199441, 311592.2963905984, 310355.15494639904, 308895.45912029315, 307321.7646656675, 305982.14928290795, 304613.85831656714, 303269.24511463835], "val_loss": [34.87395893727514, 32.518704631068736, 30.23170485018194, 28.572743256704804, 27.468018078819256, 26.56137345001652, 25.797686199957152, 25.012946633376846, 24.290838335317222, 23.610659500580763, 22.923466710061906, 22.345444724437158, 21.83189596287112, 21.30798486962158, 20.81123855167485, 20.420014931300095, 19.903365634459924, 19.526385273683694, 19.099481704039267, 18.725882089227653, 18.348459239003375, 18.140600680124177, 17.834609147258004, 17.58991712342031, 17.340884282791425, 17.116982643592774, 16.94349680114369, 16.712437313349504, 16.4688711563899, 16.285656418928074, 16.20992096133929, 15.932549201863582, 15.815517859107233, 15.508564327470031, 15.52582297016168, 15.195117140434947, 15.217330226745144, 14.899570783267022, 14.732732902689323, 14.699786790269549, 14.543636736304835, 14.438400092679418, 14.356071339775795, 14.22905920445853, 14.180738041544549, 14.016300367513237, 13.954618588449629, 13.893737096940555, 13.784303776522245, 13.705272443899194, 13.565239712168315, 13.499519209062624, 13.429423238465928, 13.33519053926764, 13.317323181042644, 13.403402021607645, 13.155486499301041, 13.0346101617246, 12.99991827737653, 12.857486459253046, 12.903544591590244, 12.893283791367436, 12.702976078204518, 12.7035447746802, 12.580207457990063, 12.774156696347935, 12.421297467857304, 12.547827543395083, 12.383365770668574, 12.369211223126642, 12.252272484918228, 12.406065405721947, 12.307880759519383, 12.232270376617583, 12.197521309346868, 12.090269580002662, 11.929380738518558, 11.840774743503186, 11.88330338053306, 12.12691707470559], "val_mae": [34.87395893727514, 32.518704631068736, 30.23170485018194, 28.572743256704804, 27.468018078819256, 26.56137345001652, 25.797686199957152, 25.012946633376846, 24.290838335317222, 23.610659500580763, 22.923466710061906, 22.345444724437158, 21.83189596287112, 21.30798486962158, 20.81123855167485, 20.420014931300095, 19.903365634459924, 19.526385273683694, 19.099481704039267, 18.725882089227653, 18.348459239003375, 18.140600680124177, 17.834609147258004, 17.58991712342031, 17.340884282791425, 17.116982643592774, 16.94349680114369, 16.712437313349504, 16.4688711563899, 16.285656418928074, 16.20992096133929, 15.932549201863582, 15.815517859107233, 15.508564327470031, 15.52582297016168, 15.195117140434947, 15.217330226745144, 14.899570783267022, 14.732732902689323, 14.699786790269549, 14.543636736304835, 14.438400092679418, 14.356071339775795, 14.22905920445853, 14.180738041544549, 14.016300367513237, 13.954618588449629, 13.893737096940555, 13.784303776522245, 13.705272443899194, 13.565239712168315, 13.499519209062624, 13.429423238465928, 13.33519053926764, 13.317323181042644, 13.403402021607645, 13.155486499301041, 13.0346101617246, 12.99991827737653, 12.857486459253046, 12.903544591590244, 12.893283791367436, 12.702976078204518, 12.7035447746802, 12.580207457990063, 12.774156696347935, 12.421297467857304, 12.547827543395083, 12.383365770668574, 12.369211223126642, 12.252272484918228, 12.406065405721947, 12.307880759519383, 12.232270376617583, 12.197521309346868, 12.090269580002662, 11.929380738518558, 11.840774743503186, 11.88330338053306, 12.12691707470559],